W,F,Y,L,I,M,V,C,A,G,P,S,T,N,Q,H,R,K,D,E,wt
0.467947139,0.741870235,0.914419434,0,0,0.625841908,0,0,0,0,0.442415968,1.71E-06,0,0,0.822647079,0,1.43782823,0,0.510486165,0,M
0,0,0.336044805,0.348461387,0.210776877,0,0.98168577,0,0,0,0.563714279,1.03674283,1.229712844,0,19.19605628,0,0,0,0,0,D
0.423004351,0,0.701819482,0,0,0.757421671,1.581693549,0,1.467852327,0,1.130984811,0,2.128140076,0,0.637633212,0,0.467774097,0,0,0,V
1.162631439,0,0.108589026,0,0,0,1.704910085,8.54E-07,0,0,5.929713229,1.102812363,0,0,0,0,1.065445874,0,0.966506743,0,F
0,0,0,0,0,1.246406469,0,0,1.351946591,0,0,8.54E-07,0,0.306926309,0.528683642,0,0,1.117969006,0.633042211,0,M
0.958377417,0,0.457473958,0.745418675,0.139941715,0.969337672,0,0,0.528350671,0,0.996750396,0.404985427,0,0.778948028,0,0,1.125573577,0,0.670411668,0,K
0,0,0.169519124,0,0,0,0,1.112619687,0,0,0.361459218,0.638644462,1.570447553,0,0,0,1.352318431,0,0,0,G
0.799084406,0,1.99458244,0,0,0.25236321,0.772056753,0.086290689,0.692389031,0.475632145,0.816537761,0,0.610853501,0.799084406,0,0,0,1.242199804,0.701392316,1.401320256,L
0,1.117328875,0,0,0,0,0,0.625816644,1.71E-06,0,0.560331507,0,0.875276264,0.96317526,0.26986762,0,0,0,0,0,S
0,0,1.115592763,0,1.247466162,0,0,0,0,0.819872223,0,0,0,0,0.653562339,1.559370654,0.406506513,1.033249898,0,0,K
0.944845429,0,0,1.174378962,0.931309985,0,8.54E-07,0,0,1.23465038,0,0,0,0,0,0,0,0,0.342269052,0,A
0,0,0.947094583,0,0,0.875103902,0,0.352814441,0,8.895060328,0.574769479,1.311448237,0,0,0,0,0.721788836,0,0,0,K
0.218454432,0.30096972,0,0.799084406,8.54E-07,0,0,0,0,0,1.081860468,0.607947878,0,0,0,0,0,0,0,0,E
0,0,0,0.98696177,1.553863046,0,0,0,0,0,0,1.917631927,0,0,0,0.08923216,0,0,0,0,G
1.068542357,1.442702707,0.883017442,0,0,1.046965036,6.398685426,1.262533261,0,1.301986626,0,0,0,0,0.81838382,1.231474319,0,0,1.046965036,0.371365995,V
0,0,0.366418098,0,0,0.772427994,0,0,0.367165491,12.79737085,1.30442789,0,0,0,0,0,0,0.538713931,0,0,V
1.455433269,1.163702782,0,0,0,0,0.89615235,2.414174814,0.799084406,0,4.336069814,0,0.270657062,1.108871039,0,0.391024138,0.613618063,8.54E-07,0,0,A
1.199880227,0,0,0,0,0,0,0,0,0,0,0,0,0,0,0,0,0,0,0,A
0.823149907,0,0,0,0,0,0,0,0,0,0,0.444144474,0,0,0,0,0.881360967,1.256310355,0,0,A
0.07639298,0,0,0,0,1.207356341,1.149129443,1.705903839,0,1.036980293,0,0,0,0,0,0,0.270387875,0,0,0,E
0,0,0.776544811,1.114968827,0,0.563703863,2.207445955,0.870610507,0,0,0,0,0,0,2.564232214,0.924011125,0,0,0,0,K
0,0,0,0,0,0.077021127,0,0,0,0,0,0.507599308,1.046965036,1.547313253,0,0,8.54E-07,0,0,0,T
0.517234897,0.90072707,0,0,0,1.419079245,1.093979119,0,0,0.462804939,0.716411918,0,0.799084406,1.046965036,0,0,1.203529958,0.732567472,0.000505506,1.263899223,K
0.634560437,24.65679731,0,0.488998347,0,0,0,0,0,0,0,0,0.523482518,0,8.54E-07,0.743275123,0,0,0,0,Q
0,0,0,0,0.967542447,0,1.180813275,0,0.747409361,8.54E-07,0.509517779,0,0,0,1.069776386,0,0,0,0,7.29E-07,G
1.162602412,0,2.093930071,0.67847279,0.67549293,0,0,0,0.645707611,0,1.360284623,0,1.024117103,0,1.501734006,0,0,0,0,0,V
0.571305822,0.443115296,1.326540999,0,0.45097528,0,0,1.87693274,0,0.504329736,3.199342713,0,0,0.497249813,0,0,2.048639332,0.722988295,0.313767835,2.04093106,A
0,0.144450212,0.890442371,0.857494342,1.006913393,0,0,0,0,1.357897692,0,0.799084406,0,0,0,0,0,0,1.663032546,1.224756281,E
1.131286757,0,0,0,8.54E-07,0,0.444089429,0,0,0.102053264,0.885612451,0,0,0,0,0,1.83399402,0.593546732,0,0,A
0,0,1.055233654,0.556827234,0,0.879001712,0,0,0.962362229,0,0.564818556,0,1.159291415,0.581661703,0,0,0.265415358,0,0,0,A
0.594490033,0,0,0,0,0,0,0,0,0,0,1.22967987,0.480991972,0,0.523482518,0,0,0,0.44329092,0,G
0,0,0.76143881,0.998224841,0,0,1.124100487,0,1.20161992,0,1.528686013,0.990259758,0.695621217,0,0,0.493005139,0,0.939629667,0,0,K
8.54E-07,0,0,0,0.799084406,0,0.595413098,0,0,0,0,0,0,0,0,0,0,0,0,0,T
0.799084406,0,1.080616568,1.446719374,1.993790569,0,0.919088492,0,0.750457574,0.779237265,0,0,0,0,0,0,0,0,0,0.434064015,K
0.173300043,1.055166517,0,0,0.229417241,0,0,0,0.464988983,0,0,0,0.663494293,0,0,0,0,1.357260707,0,0.291171821,E
1.776578102,0.04476829,0,8.54E-07,0,0,0,0,0,1.194219067,0,0,0,1.223334485,0,0,0,0,0.888942191,0,G
1.046965036,0,0,0.980818995,0,0,0.06692412,0,0,0,1.070929914,0,0,0,0,0,0,0,0,0,V
0,0,0,0.534972334,0.312724769,0,0.634905904,0.374524165,0,0.826131959,1.24354883,0,0,0.731022423,0,0,0,0.949986266,1.046965036,0.637443408,L
0,0.495792525,0,0,0,1.180813275,0,0.746911061,0,0,1.229739574,0,0,0,0,0,0,0.47619818,0,1.696543335,Y
0,2.73435822,0.399542203,0,0,8.54E-07,0,0,8.54E-07,0,1.172365535,0.694040418,0,0,0,0,0.830673445,0,0,0.892482633,V
0,1.890412938,0,0.13384824,0,0,0,0,0,0,0,8.54E-07,0,0,0,0,0,0,0,0.42677901,G
1.556795291,0.585049725,0,0,8.54E-07,0.445019663,1.192140668,0,0,0,0,1.168691508,0,0.561681321,1.072505151,0,0,0,0.556944578,0,S
0,8.54E-07,1.504241994,0,0.935095507,0.496888087,0.562732517,0.321624987,0.180146014,0,0,0,0,0.749982829,0,0,0,0,0.91443897,0,K
0,0.843438207,1.716800375,0,2.065255878,0,0.832455807,0,0,1.487906641,1.122351339,0,0,0.977657896,8.54E-07,5.004889126,0,0,1.262795239,0,T
0,0,2.628376921,0,0,0.062524026,0,0,0,0,1.227021815,0,0,0,2.351584524,0.857794303,0,0,0,0,K
0.340975741,0,1.413527887,23.49932927,0.845371384,0,0.142448548,0,0,0,0,0,0,0,0.896014561,0,0,0,0.969614018,0,E
0,0,0,0.170208717,8.54E-07,0,0.637954653,0,0,0.244661184,0,0,0,0,0,1.062577506,1.108753334,0,0,0,G
1.481035887,0,1.272272186,0.900414789,1.846712027,0,0,0.404448435,1.006623375,1.71E-06,0,0,0,0,0.995188964,0,0.476317561,0,8.54E-07,8.54E-07,V
0,1.548026311,0.799084406,5.426789665,0,0,0,0,0.394139764,0.799084406,0.499977598,0,0,0,0.642571988,0,0,0.710305633,0.563949166,0,V
0.612266636,0,0.422115834,0,0,0,1.172434984,0,0,0,0,1.801694151,0.622922326,1.481035887,0,0.818640636,0.857264513,0.182027822,0,0.358712189,H
0.76381667,0,0,0,0.028926174,0,0,1.012666758,0,0,0,0,1.07873292,2.62706378,0.631724311,0,0,0,1.35331187,0,G
1.107083038,0,1.036614464,0,0,0,0,0,0,1.293614299,8.54E-07,0,0.971302781,1.876798651,0.465706572,0,0.60767328,0,0,0,V
0,0,0,0,0,0,0,0,0,0.375300714,0,0,0,0,0,0,0,0,0,0,A
0.016211777,0,0,0,0,0,0.968470067,0,0,0,0,0,0,0,0,0,0,0,0,0,T
1.008926303,1.076216917,2.093930071,1.207078836,0,0,0,0,0.700135383,0.533443276,1.011595994,1.572960331,0,1.007748277,0,0,0,0,0,0,V
0,0,0.74259277,0.90563079,0,0.317456018,0,0,0,0,0,0,0,0,0,0,0.458290525,0,1.277021985,0,A
0.891048856,0,0,1.180813275,0,0.890822302,0,0.776222545,1.786121217,0.923998373,0,0,0.341248921,0.70833257,0.560226754,0,0.258977993,1.608617117,0.770829335,1.098441758,E
0,0,0,0,8.54E-07,0,8.54E-07,0,0,0,0,0,0.349016154,8.54E-07,0.530000483,0.563703863,0,0,0,3.945426188,K
0.518293343,1.231252834,0,0,2.093930071,0,0.363118546,0,0,0,0,0,0,0.479744315,0.351542688,0,0,0,0,0.645006153,T
0,0,0,0,0,0,0,0,0,0,0.495078907,0.98825804,0,0,0,0.568936782,0,0,10.44331364,0,K
1.725437431,0.961732962,0,0,1.170462609,0,0,1.451163576,1.046965036,0.895898564,0,0.415764001,2.84148555,0,0,0,0,0.963368685,0,0,E
0,0,0,0,1.601415278,0.639242324,0,0,0,1.033433024,0,0,1.094471322,0,0,0,0.799084406,1.197289256,0,5.367778618,Q
0,0,0,1.44819148,0.540175489,0,0,0,0,0,0.870525254,0,0,0,0,0,0,0,0,0,V
1.536891313,0,0.804215837,0.161236942,0,0.463474659,0.710371387,0,0.845185215,0,3.003205278,0,1.152647191,1.140443901,0.187507128,0.569705029,0,0,0,0,T
0,2.564730493,0,0,0.860734307,0,0,0,0.520460126,0,0.645156533,0,0,0,0.889504716,0,0,0,4.174830174,0,N
0.17350008,8.54E-07,0.856954761,0.719328754,0.721437292,0,0.630305528,0,0.224353368,0,1.104033968,1.221240744,0,0,0,0,0,0.54368449,1.491709924,0,V
2.163534217,0,0.399542203,0,0.799375272,0,0,0,0,1.334265534,0,0.367352259,0,0,0.929454737,0,0,0,1.05072686,0,G
0,0,0,0,0,0,0,0,0,0,0,0,0,0,0,0,0,0,0,0,G
0.643032864,0,0,0,1.481035887,0,0.13384824,0.890178176,0,0.073706179,0,0.116993523,0.347025331,1.275895884,0.740517943,0.554724295,0,0,0,0,A
0,0,0,0,0.680611718,0.569831327,0,0,0,0,0,0,0,0,0.528931148,0,0,0,0,0,V
2.962507781,0,0.798107177,0,0.660758303,0,0,0.615717303,0.22884111,0,1.186255428,0,8.54E-07,0,0.56612076,0,0,1.386781013,0,0.328562231,V
0.512009495,0.883553499,0,0,0,0,0,0,0,0.477323852,0.520813848,0,0,1.162152849,1.487383275,0,0,1.101414955,0.453957386,0,T
0,0,0,1.19436338,1.458124268,0,0,0,0.620779184,0,0,0,0,0,0.738539435,0.378743838,0,0.799084406,0,0.62091226,G
0.670741844,0.520653545,0.144897795,0,0.072066179,0,0,0,0,1.178769053,0.708959623,0,0,0,0,0,0,0.853749396,0,0,V
0,0,0.761464109,0,0.831099528,0,0.521946755,0,0,1.596462805,0.604017589,0,0,0,0.606188572,0.45833294,0.399075928,0,0,0.183697392,T
0,0,0,9.129055941,19.19605628,0,0,0,0,1.023539396,0,0,1.370035851,1.420681702,0,0,0,0.705598868,0.991553666,1.308706294,A
0.225130464,0,0.814234647,0.815504403,0.062915205,0,1.054361444,0,0.843536086,0,0,0.5825365,0.76708409,8.54E-07,1.276526889,0.319633762,0,0,0.3122567,0,V
0,0,0.788967067,1.238882357,0.510951992,0.522619101,1.28549861,0,2.026985139,0.042776123,0,1.169033015,0.475480646,0,0.615791515,25.66562235,0,0,0.192841641,0,A
0,0,0.472629092,0,8.54E-07,0,0,3.199342713,2.428027337,1.187638296,0,0,1.046965036,1.572444147,0,1.275308393,0,0,0.934742594,0.903441673,Q
0.524195034,1.032667862,2.137030668,0,0,0,0.577447887,1.759996071,0,0,0,0,0,0.575515471,0,1.328619123,0,0,0,1.342982899,K
0,1.676534866,0.740517943,0,0.973833199,0,0,0,0.726486248,0.820387629,0.792064498,0,1.127686501,0,1.333193172,0.215217105,0.668340448,0,0.573149366,0,T
0.617694463,0,0.120018358,0,0.330098677,0.654887136,0,0,0.171918683,0,0,0,0,0,0.382003634,0,0.368890225,0.100612191,0,0,V
0,0.56513065,0,0.20403861,0.821088737,0,0,0,0.799084406,0,0,0,0,0.586930033,0,0,0,0,0,0.200607837,E
0,0,0,0,0.389061208,0,0,0,0,0,0,0.95337082,0,0,0.606242365,1.029638302,0,0,0.951103914,0,G
0.450021117,0,0,0,0.523771026,0.210825041,0,0,0,0,1.653003371,1.055843108,0.750142751,0,0,0,0,0,0.922350515,0,A
0,1.206405289,6.398685426,0,0.799084406,8.54E-07,0,2.099571183,0,0,0.562863681,0,0,0.706122156,0,0,0.386655083,0.723764014,0,0,G
0,0.767149852,0,0,0,0,0,0,0.864198983,0.81305433,0,0,0,0,1.21519157,0.994352039,0,0,0,0,S
0.70079919,0,0,0,0,0,0,0,0,0.515904175,0,0,0,0.743195169,1.107005547,0,1.050480213,0,0.13384824,0,I
0.606242365,0.810529679,8.54E-07,0,0,1.205192943,0.408292901,0,0,0,0,0,0.43583566,0.855435826,0.493483869,1.286084759,0,0,0,0.913153188,A
0,0,1.052172702,0,0,0,0,0.893873666,0.523482518,0,0.344980573,0,0,0,0,0,0.799084406,0.495066135,2.478085185,0,A
0,1.042406028,0,0,1.085523317,0,0,0,0.825140488,0,1.271794542,0,0,0,1.33814374,0.60019558,0,0,0.77801966,0,A
0.969651509,0,0.989419639,0,1.046965036,0,0.681951481,0.510841412,8.54E-07,0,0,0,0.798598492,1.006216902,0,0,7.048862728,0,0,0,T
0,0,1.240404032,0,0.290182546,0,1.025539923,0,0,1.574842108,0,0,1.726248709,0,0,0,0,0,0.733884714,0.500592675,G
0,0,0,0,0,0,1.08127251,0,0,0.245679707,0.020871961,0,0,0,0.871046053,0,0,0,1.233262726,21.86682603,F
0,0,0,0.563703863,0,0,0,0,0,0,0,0,0,0.987357258,0,0,0,0,0,0,V
0.693601887,0,0.77165864,0,0,0.758551907,0,0,0,0,1.046965036,0.827455774,0.472895327,0.496824773,0,1.238090517,0,0,0,0,K
0,0.851466893,0.816301943,0.471098638,0,0.566156837,0,0,0.798741256,0,0,0.705340583,0.846946657,0,0,0,0,0,0,0,K
0,0.870549053,1.259229831,8.54E-07,2.408556672,1.046965036,1.046965036,1.338654984,0.266361469,0,0,1.221240744,0,0,0.997610472,0,0.609810458,0.756352863,0.780624185,0,D
0,0,0,0,0.782517806,0,0,0,0.505213696,0,0.749243857,0,0,0,0,0,0.933676175,0.807615429,1.208466893,0,Q
1.240543132,1.283534903,0,0,0,0,0.92812088,0,0,0,0.618493524,0,0.704045065,0,0.998714819,0,0,0,0,0,L
0,0,0,0,0,0,0,0,0.944775002,0,0.784084497,0,0,0,0,0,0,0,1.368214808,0,G
0,0,0.744877608,0,0,0,0,0,0,0,0,0,0,0,0,0,0,0,0,0,K
1.595696807,0.288428072,0.754182096,2.199324912,0.209797052,0,0,0.937227696,0,0,0,0,0,1.046965036,0.973128142,1.381128909,0,0,0.340975741,0.370005842,N
0,0,0.342565175,0,0.202558933,0,0,0,0.170129942,0,0,0.662228476,0,0,0.853914066,1.120619074,0,1.046965036,0,0.401893465,E
0,0,0,0,0.757186608,0,0.868910326,1.317568213,0,0,0,0,0.59828749,0.482814201,0,0,0.860747656,0.319733486,0,0,E
0,0.311761309,0.10685225,1.428196222,0.569994846,0.560110423,0,0,0,0,0,0,0.606565077,0.797278905,0,1.256052705,0.396489203,0,0.735743987,0,G
0,0,0,0.191226241,0.848155401,0,0.146794365,0.353423113,0,0,0,0,1.058669265,1.556605262,0.937311207,1.189636028,0,0,1.221240744,0,A
0.892975326,0,0,0,0,0,0,0.990618641,0,0,1.41063568,0,0,0.867381852,1.284081574,0,0,0,0,0,P
0.695075959,0,2.804067817,0,3.140895107,0,0,0.605660741,0,1.139772054,0,0,0,0,0.521884029,1.848378074,0,0,0,0.523482518,Q
0.799084406,0.819437087,1.054365945,0,0.153454185,0,0,0.599162511,0.723691705,0,0.468894495,0,0,0,0.454158662,0.838767941,0,1.258770382,0,0,E
0,0,0,0,0,0,0,0,0,0,0,0,0,0,0,0,0,0,0,0,G
0,0,0,0,0,1.200041304,1.067845699,0.35578195,6.398685426,1.118510787,0.616444471,0,0,0,8.54E-07,0.692624688,0.714738944,0,0,0,I
0,0,0,0,0.138036018,0,0,0,0,0,0,0,0,0,0,1.71E-06,0.746763142,1.150471694,0,0,L
0.453017874,0,0.653154412,0,0.291460975,0,0,0,0,0,0,1.046965036,0,0,0,0,0,0,0,0,E
0,0.560199907,0,0,0.732801982,0,8.54E-07,0.745448722,0,0,1.34649334,0.675958401,0,0,0,0.198892116,0,0.810299511,0.873232571,0.97354717,D
0,0,0,0,0,0,0,0,0,0,0,0,0,0,0,0,0,0,1.715194653,0,M
0.842221735,1.123981708,0,0,0,1.369835131,0.295203319,52.95422028,0.62921075,0,0,0,1.460149599,0.70160193,0,0,0.383462559,0,1.069406681,0,P
0.784308943,1.009886846,0,0,1.422801789,0,0,0.668602505,0,0,0,0,0,0.954667738,0,0,0,0.270372397,0,0.73860876,V
0,0.465307259,0.38612274,0,0,0,0,0,0,0,0,0,0.961055707,0.514086275,0.139187994,0,1.046965036,0,0,0,D
0,0,1.000587598,0.443524464,0.53559425,0,0,0.799084406,0,4.268118382,1.143058255,1.124532021,0.982304708,1.314661515,0.108695808,0.7590387,0.790095755,0,0,0,P
0.80247922,0,0.229179255,0,0,0,8.54E-07,19.19605628,0.87171404,0.945701778,0.10339053,0.223812608,0,0,0,0.202232739,1.555301616,0,0,0,D
0.922521307,0,1.053190451,0.422175847,0.962793422,0,1.80565896,0,0.616657604,0,0,0.874889029,2.454108129,0.13838128,0.769758001,1.526110645,0.987974558,1.769399506,8.54E-07,0,N
1.251177127,0,0,0.598301304,12.79737085,1.551160044,1.180584352,0,0,0,0,0,0.802451034,1.09520975,0.602459723,0,0,0,0.67622579,1.480259864,E
0.881214448,2.026949811,0,0.927867451,0.962134746,0,0.583150195,0.799084406,0.567292059,0.820858276,0,0,0.641964961,0,0.773574407,0,0.651607658,0.539449447,0.556775241,0,A
0,0.530910433,0,0,0,0,0,2.703171346,0,0,0.435096294,1.33581784,0.679260319,0.225973952,1.297242371,0,0.523482518,0,0.486349214,0.258009588,Y
0,0,0.79569502,2.093930071,0.494058467,0,0,12.79737085,0.380467876,0.725258148,0,0.934159757,0,1.967580912,0,0,0.399542203,1.500672868,0,0,E
0,0,0,0,0,0,0.637389638,0,0,0,0,0,0.926030206,0,0,1.047616502,0.639387638,0,0.526302868,0,M
8.54E-07,0,0.756417782,0,1.261002992,0,0.799084406,0,0.279384504,1.786297041,1.054025465,0.940469576,0.865890927,0.799084406,1.068524249,1.084840285,1.307321215,0.999597029,0.06692412,0,P
0,0,0,0.555194993,0,0,0,0,0.140401681,0.752010028,1.440370488,6.398685426,0.528121994,0.484995453,1.141821134,0.852042331,0.649484672,0,0.305124748,0.947396668,S
1.622899597,0.068503461,0,0.911654619,0.38413838,0,0,0.399542203,0.347889431,0.707578383,0.829959778,0.677839823,0,0,0,0,0,1.062118205,2.131939201,0,E
0,0,0,0,1.013848426,0,0,0,0,0,0,0,0,0,0,0,0,1.119097943,0,0,E
0,0,0,0,1.359910163,0,0,0,0,0,0,0,0,1.034831779,0,0,0,1.69891347,0,0,G
1.011930604,0.711089998,0.697776569,0.832961361,0,0,0.394966416,0,1.005084654,0,0,0.922960431,0,0,0,1.164430319,0,1.358977773,0.67929353,0.088981138,Y
0,0,0,0,1.046965036,0,0,2.131114162,0,1.33879093,0,0,0,0,0,0.499228402,0.294991264,0,0,0,Q
0.858712898,0.41011165,0,0.957849035,0,0.370906591,0.872005385,1.156657533,0.261396475,0,0,1.258401099,0,0.876130357,0,0.072066179,0,1.084095365,1.071577855,8.54E-07,D
0,0,1.425307289,0.58193705,0,0,0.245622748,0,0,0,0,0,1.071927412,0,1.504078057,0.930206252,0,0,0.703702453,3.150214921,Y
1.007352972,0,0,0,0.977004109,0,0.639065935,0,0.92077958,0.552059033,0.584805149,0,0,0.809103218,0,0.13384824,0,0,2.211740701,0.774776185,E
0,6.398685426,0.373465741,0.751147711,0,0.984261764,0.364078998,2.976414298,0.978903849,1.279637837,0.835921964,0,0,1.393122327,1.266467721,0,0,0,0,1.020233334,P
0,0,0.988157758,1.084987054,0.638386523,0,1.686119997,0,0,0,0,1.280898605,0,8.54E-07,0,3.378916097,0.335612546,0.912387767,0,0,E
2.511719288,0,0,1.045822043,6.398685426,1.936735512,0.649731511,0,0,0,0,0,0,0,0.686503062,0,0,0,0,0.606242365,A