residue,A,R,N,D,C,E,Q,G,H,I,L,K,M,F,P,S,T,W,Y,V,*
0,,,,,0.15992492153727234,-0.7307403233568782,,0.36354490546701324,0.17473099969590522,,,,,,,,0.2515051330379629,1.3386698917356568,,,
1,,-0.17292130132167838,,,-0.6659987660940107,,-0.581000770617578,,-1.379964800419912,,-0.2771866115562218,-0.19569658863166645,,-1.3186229361438986,-1.738187954015594,-0.8259971383008551,,,,,-0.9665109827989086
2,0.18895185048737642,0.3744220352942542,-1.850582780792177,,-6.980656288226858,-0.22790715647943238,-1.2458260465624744,,,0.29557038943042574,,-0.7385450528470919,,,,0.7672844097311526,-0.27840511608011953,0.275207473273258,0.4775957952296591,,-0.06797706258062408
3,1.034265838049761,,-0.29435263923955185,,,0.7737085287258071,,-0.18631238257846655,,,-5.251561572028568,0.6520638732617653,,,0.29300392948268517,,-0.5011462876940233,,,,0.09422453445408668
4,1.2273084590536394,0.5557610831100144,,,-0.5376141302195866,,-0.0014350708221647634,,,,,,,,0.9087443683969465,0.5689907035689945,0.047055889888851316,,,,0.4055161583057423
5,,,,2.5108368346835284,-0.11817287569842372,,,0.055654120848698585,,1.060077540617946,-0.3618453878391812,,,,0.40977875008611386,0.689155960568638,0.014410729344685902,,,0.27586806218805354,
6,,,0.16339559372777002,,0.4003932642504744,-1.515620206015271,-3.600911221840686,,,,,,,,,,,,,-0.29199382187322004,
7,,,0.8523618122397064,-0.59796847448228,,-0.35068803324015874,,,,0.3792396608000471,,,,0.283430771244264,,,-0.01881965404011887,-0.34413625606634335,-0.7387022628579982,,
8,,,,-0.27200296454518336,,,1.0118934295751412,,-2.283456792175383,1.1939014263287961,,-0.21506271336727303,,,0.7078933965360127,,-1.5340093981704166,,-0.043016341700603755,,
9,,,,,0.20372466757156815,,,,-2.957007231200697,0.5545303637195091,,,,,,,0.0068776737103998994,,,,-0.3924928692628655
10,,,,,,,-0.65603093863344,,,0.8440302980800889,,0.061613041532785795,0.12698681454423866,,,,,0.2549049813049432,,,
11,0.3969882953390487,,,1.3451548631793562,,,,,,,,,,0.25702684612480364,,,,,,,0.49861052921855886
12,,,,,-0.3022768035186901,,,,,,-0.3858228815530952,,,,,,,,,,
13,,,-1.0525191866406003,,,-0.37166590367797303,,,,-0.7225016899321783,,0.27321282563925764,,,,,,-1.0723133253473576,-0.023293136712054463,,
14,,0.30525426244286435,,,,-0.5344345973103491,,,,,,-0.21242671012515305,-0.7854660800736657,,,,,,0.36278961076578076,,
15,-0.5096817708143433,,,,,,,-0.27737125489034575,0.9998206333581846,-0.4751574489948643,,-0.21504103963660548,,-1.1478823505833085,,0.5972058961379026,-0.14681206263142207,,,,-0.02835654897676275
16,,-0.22572023962258736,,,0.2684529241839597,0.2157389491410906,-0.0968136494666048,,,-0.8707152706392736,0.20336492862111125,0.4098808470586225,,-0.6634328932855014,,-0.2110047938866551,,,-0.041279070235598625,-0.2773687451285858,
17,,,,,,,,,0.2903042293283068,,,,,,,,,,,,
18,,,-0.9263332954940902,,,1.3095089135261915,,,,,,,,,,,-1.5561071022799995,,0.7557027542865156,,-0.12440381892083852
19,0.1738639692922057,-1.816542011033884,1.0417932081274337,,,,,,,-0.18887027897539427,,,0.14244644267803297,-0.05624642070169694,1.0298412966068682,,-0.6755511228606956,,,,
20,0.05682600984909841,,,-0.2452297016138569,,,,,-0.30815408011055917,0.2896978290655019,0.29481626713876885,,,,,-0.5341479803911157,,,,0.4403435969517149,-0.019287220683207595
21,,0.2869743840552812,,,,,-1.4617254440904843,-1.105270797525854,,,,-0.03955269675492101,,1.0273417971473267,-2.0251302196817575,,,,0.20926672690442394,,
22,0.04319924214074322,,,0.43457901977829994,,,,,,0.8982342161146353,-0.23792230024361327,,-0.2129761233439899,-0.6333070111386581,,,,-0.6523335743569958,,2.030837948316064,
23,0.3032170798321576,,,-0.7834070065837819,1.7755486983534199,,,,,,,,,,,,,,,,
24,,,-0.32666614664463434,,0.407327879055037,,,,,,1.487821893876368,-0.8977231796973371,,,,0.7885780023647782,,,,-0.3420329693324613,
25,0.059415144222512484,-0.18227573633795996,-0.019736565486530938,-1.0176484461220623,0.4357485897745187,,,0.2647108419662936,,,,,,,,,,,,,
26,,-0.015388781338181695,,0.2405343258071344,1.06567437498042,0.39280617220919545,,,-0.503932699283682,-0.11387057636342834,,,,,0.11612509777517821,0.19528646469185895,-0.2655839659593928,0.04871484483476537,-1.6045084056650198,0.18042313063133306,
27,-0.23917745421700137,,-0.12345019703688243,,-0.3998048142230981,,,,-0.3781993749028724,0.4633713582791341,0.2735598142740363,,0.3188584489940067,,,0.3483264399843429,-0.10156630199122457,,-0.24779426169533764,,0.7114230737295971
28,,,,-1.047527563475818,,,,,-0.5628820014219802,,0.7165693314893213,-0.20156377634504652,,,0.2219315721737034,1.9877131484680652,0.5898930524669418,-1.1966933497107533,,,0.4218302879060647
29,,,,,,-0.1091297569220174,,,,,,,,-0.924234688773772,,,,,,,
30,,,0.683049405779079,-0.4296060830053115,,-2.195815481804244,2.872360546626248,,,,-1.1061451551280848,-0.24236465935040724,,1.3109462932101024,-0.37078621668250583,-2.0717052586181115,,,-0.2388667096167995,,
31,0.025806636707395914,,,-0.02317979032144038,,,,0.03607196221659792,,,,,,,,,1.1423347920141746,0.606410776219569,0.11635888782384293,,-0.3040504897139714
32,,,,,,,,,,,-1.8325133678838093,,,-1.673466120726798,,,,,,-1.8749088529707612,
33,0.5407900610423979,,,,,-2.319028548240638,,-0.6840839189557261,-1.195170282382818,,,,1.0763928835719676,-0.09372604082977187,-0.19666243581422466,,0.07096133343685596,-1.084639006000809,,-0.22223416461496415,-1.3433552488991163
34,,,,,-0.08331687936777254,,,-0.34966107238609845,-0.929007314232035,1.531098565470026,,,,,,,,0.10765141068965897,-0.049468836174192954,,
35,,,0.9369935268426414,,-0.06571295652032175,-0.5071999370539545,0.9594003300149213,,,-0.3007712076533512,0.002530159612117888,,,-1.0901436711662484,0.3188290033317993,,,,,-0.5154913878947522,-0.2799822374075882
36,,,,,,,0.23638016194649136,,,,,0.4479173625864194,,,0.3090148452996464,,,,,,
37,-0.35735847565172213,,,,,-1.0777734017174856,-0.07811557328960411,-0.7438188604447891,,,,-0.2010119657157472,-0.2249935248219813,,,0.5471700555197537,-0.5558871200881577,0.2833396248789971,-0.8614181259256272,,
38,,,-0.34481600957486913,,1.0895299271161027,,0.736966771808793,0.42753923817209194,-0.3168754407535959,,0.6518868504775046,,,0.9498680113096558,,,1.738897928241794,,,0.7232995493006624,-0.020648112906459515
39,1.4083733071289175,,0.12701639492375205,,,-1.7096001087487775,,,-1.1942323413460372,,-0.07492260355732938,,-0.42546773475414007,,0.8296004944445375,,-1.1398510170239018,,-0.2972405936486024,,-0.4116960122354909
40,,,,0.1893827370165696,,,,,,,,0.3215983814325907,-0.6388980368714436,,0.2143559951691112,,0.02143209397000695,,-0.2055200396566448,-0.03367210202048064,0.8328586754680005
41,,,0.4434511260526121,,,,,,,-0.2281667034051441,,,,,,,,,,-3.8504563728121664,
42,,,,,,0.18064873321418162,0.8495060220062397,0.014451129060242485,1.3183638837886817,0.1371986675578778,,,0.48774660941643333,0.3033337065222507,,,-0.315142968863486,,,,-0.2087478415607802
43,,-0.5376151640485045,,,-0.3259850506117773,-0.556139235386681,,,,,-1.1475903479811862,,-1.1551929341142024,,,,,-0.7073427227065279,,1.9240215804719667,
44,,,,-0.6756790350622464,,,,,,,,,,0.7685751133803451,,-0.05950082001446394,,-0.5192299597011051,,,
45,,,,,,,,-0.32374002084767717,,-0.38130458427949515,,,,,,-0.48088449426933233,,,,,
46,,,0.08623291733759703,2.0437137400063596,,,,,0.26681144284537417,,0.017337138908350758,1.533950831768934,0.21587857883320177,-0.24083165843013848,,-0.5416752394497615,-0.34903957679881126,,,,
47,,,,-1.217928104591093,-0.12351497038158421,,0.0014957221267949405,,-0.15532242946425948,-0.8251424949408404,,,,-0.4562897498566477,-0.39772647485487905,,-1.223900916229927,-0.10520171104793277,-0.041909294403370434,,
48,,,,,-0.5356492192099409,,-0.2547655442869831,-0.614547564109057,-2.4055541407158914,,,0.03019340561076682,,,-0.22759123769152922,0.8241147384195029,,-0.450669132947096,,,
49,-0.006022229559847853,-0.37526657063432994,0.36292017571635804,,,,,,,,,-0.8171701379032124,-0.5102401474297131,,,,,-0.3074516753433216,0.3952449877803379,,-0.06268446990234544
50,,-0.36973243437676495,,,0.3886045997421347,,,,0.48220017613855415,-0.021666189143601855,,0.03820347788470313,,,0.16116013506133997,0.47564678382602565,0.22704192853344768,,,-0.5137137420486284,
51,-0.8007864428401549,1.313395577178732,,,,,-0.1786803320313448,-0.09202894513326546,,,,0.8769781233669295,,,-1.0104401913978245,0.518283604746862,,,,,
52,,,,,,,,,,,,,,,,,-0.25491425638949006,,,,0.46451982834676664
53,,,,,,,,,,,,,,,,,,,-0.3465221413847124,,0.057493225356579636
54,,-0.707857150121964,0.22733626637455195,-0.2264027511917185,0.05122444484419919,,-0.4671099378446766,,-0.34886523993659047,,,-0.6951145459058761,,,-0.4809194263037631,,,,,,-0.27219478376049516
55,,-0.30967355607816127,,,,1.22276013477728,,,-0.6747519669718054,,0.23689887735244752,-0.564524509409238,,0.2259890137788474,,0.04996670726793595,,,,,
56,,,,,0.3258970639077372,,,,-0.3769351315964881,,,,1.2945527072347818,-1.7686762431200451,-0.8592053605259677,-0.28537225937089217,0.04737750393480078,1.42164044516168,0.43148140688519304,,0.2929984731265665
57,,-1.1578339358354888,,,,-1.1432714259344796,-0.29260960145827625,-0.6256381934448705,,0.15451590436953525,,,,,,-2.8528040631819325,,,-0.42113372039701497,,
58,,0.11016269613546459,,-0.37380755309120206,-1.0198619038099475,0.3562131068765295,,,,-0.6498225997374762,1.0041824456720054,-0.5491786735127839,,,-0.18086227182856385,0.23657576109749015,,0.38993857437188945,,,-0.651926756667639
59,,-0.7052063164477123,,,,-0.17232395575220819,,,,-0.9993327407255552,0.6072485239570977,,,,0.45617566641879576,,,,0.401100782437919,-0.7843363066820448,
60,,,,,0.1497085687620421,,,,-0.920473649525906,,-0.9298325059507221,,-0.04872463164800589,,0.03025690166224493,,,,-1.1988105677947838,,
61,-0.23609008444955448,,0.045666741157730895,,,,,,,,,,0.6412568259885474,-0.019825642071162775,,,,0.9403501096908835,0.16159527543025315,,
62,0.24256139788462006,,0.8199418859161153,-0.23163079965000422,,0.3916167280382268,,,,,0.04395498960783599,0.3724927371891309,-2.681728871471746,0.49528904638124116,,,,-1.0491360898701874,,,
63,,-0.1651286456961788,,-1.294088256209186,,,,,,,-0.899070819026617,1.826983665224494,0.5971680419218786,,-0.02554552981519316,0.21763306228578694,,,-0.5291664850766213,-0.2565153249105177,1.2014420516316877
64,,,,-1.4981717691872944,-0.19385114061363734,,-0.4830565985204677,,,0.04197343879273649,,-1.1735415849750166,,0.24474509531738337,,0.0426343241051683,1.5256927125567428,0.12571505349424136,,0.07717328758338284,
65,0.00885895621796623,0.37190538845287924,-2.4097117249639983,-0.32821552773286866,-0.10169024894552786,0.3695826056383714,,,0.22180391553858714,-0.8892438316645808,-0.1817400659294691,0.686132966046801,0.8752775390743583,-1.403997697275514,-2.0092644871932905,,,1.8442569626781835,,,
66,-0.27186071951375423,0.7583666893598965,-0.06150393607693924,,1.9864032397293825,-0.21435343966719256,,,0.10615591104393199,-0.1664537940599015,,0.093102461925332,-0.4491845961394788,,0.05045938267763472,0.004764326913878875,,0.09230563038208897,,-0.5349656763960231,
67,,,,,,,0.3513880411172111,,,,,0.0041867592718808355,,0.25579505362871113,0.9527470692506707,,,,,-0.7676129358375943,
68,,-4.142111199968609,0.42807006226130234,,,,-0.48444935479064244,1.4994362407818254,-0.32448672632155556,,,,0.5313903016961736,-0.17667364630047583,,,0.1822458439803616,0.7266426336643518,,,
69,,-0.4454573828448746,,,,,,,,-1.9101940144952707,-0.20463287715620032,,,,,0.07021894060140516,,-0.775803148836933,-0.9039686709842767,,-1.0099126669201617
70,,-0.3926053464176313,,,,,,,-1.260391403933237,,,,-0.3017812052813297,,,0.09570188191328577,,-0.32915936492920145,,,
71,,-0.6213755228513176,,,0.6963412532150202,-1.8587279077733483,1.634059835762662,,-0.3046779682828542,,0.4323568176961504,,,,,0.11406553006374176,,,,0.2508320108362214,
72,,,0.26788152240506524,-0.811932477144878,,,-0.7676037489734983,,-1.0632193227312619,0.9328733529474624,0.49242972802706253,-0.3237533876710377,-1.2187725383969341,,-0.5921823739008767,-0.8629346316465054,0.3021300486152876,0.18034483405185062,-1.3154310916559764,-1.5921339872324265,0.05718205301412049
73,,-0.03796819536002438,,,,-0.48929940141365547,,,,,-0.1597583697158277,,0.5114535386403805,,,,,-0.8861490818288504,,,0.09186945425148213
74,,0.18082866316451662,-0.003239336759502054,-0.1016027688881796,-1.539728176992206,-0.07018162910944858,,1.2540604132904534,,0.24746437209253214,0.7594733293102013,-0.46170515960243047,,,,,,,0.23610950480816473,,
75,,,0.9905469300434905,0.1581631610473243,-0.0015535463475255806,-0.4111834379921665,0.3088916978540839,0.3827851353886218,0.06898919479931198,0.3381197140211853,0.9572441925131953,,-0.21472412998078605,-0.6637163406525609,,,0.18220763739001655,-0.2688087541531523,,0.4189871526750006,-1.1512027374642937
76,,-0.12159883571130048,0.4278349508933589,-0.05235620883592873,,,,-0.4344871720379013,0.39364212321791925,,,0.1306056670684238,,,-1.1794256233624694,-0.19330522437997477,-0.03537576227876447,0.4032360587042481,0.06981205722260098,,0.21422586348083375
77,,-1.4738880796526257,-1.0614295278408492,,,0.7882956393120757,-0.3447690723361066,,,,,0.7663271053036794,-0.03810341860966035,0.29712704242075494,,,-0.01241474294421463,,,-0.03369643936518532,0.3603267232927474
78,,-0.059997047767190614,,,-0.034181876986115134,0.837288866781622,,,,0.18315557228931076,,,-0.3728061986265129,,0.11657284884158603,,,,-0.7288782506912393,-0.6454716991973984,0.9801190576664115
79,-2.0179373454982223,-0.7607794408529776,,,-0.6285807083563278,0.009965437423860468,,,-0.5175742101630552,,,,,0.7257717878705823,2.3244939761300936,,,,0.35557321919694185,1.3998432328792803,0.20284543695403956
80,,,-0.17583038482479327,-0.7440426291508324,,0.045591415094480614,0.6259068856712198,,0.005007835918104664,,0.12286065906692556,0.3959569220076001,-0.5300404029929466,,,-0.36819811074187325,,,,-0.4041976521256341,
81,,0.5138012852678653,,,-0.431630748913462,-0.22509760940175433,,-0.5515116429591608,0.1994430676017077,-1.1358498233379641,-0.4533455209839591,-0.30129681110841056,0.6464890050400827,-0.10943291506331176,-0.28307128965235967,0.11623930926240966,0.07673845722962103,0.2429026110089505,,,
82,-0.2612407331574819,-0.012708559552913667,,0.38305271434347077,,,0.5130551085923197,0.15946354454774725,,,0.03524644219627937,-0.23362968531964784,,,,,0.9849730577000005,-0.7767809650934766,0.45780759036066865,,
83,,,-0.6695288287302033,,,-0.9193724756532635,,,0.4485295761835202,-0.04514924012234958,,-0.061847192515777416,-0.29504753564190467,-1.471208831722455,,1.9421726182000896,,-0.3629119120927269,,-0.5789905264774173,
84,,,0.678079376642597,,,-0.1709599825734707,,,,,,,,,,,-0.23948703927085255,-0.6573328775289963,,-0.9119940138029842,-0.9601564592797747
85,,1.183670677993259,-0.30480896195005613,,-0.065342789786492,,,,,0.09353978603152491,-0.5547014998765514,,,-0.4735993861783976,,-0.3058439201200651,-0.2629240146010452,,,,
86,,,,0.25609234849848994,,0.5458956597761013,,,,,0.3370677459731186,,-0.4442447995848469,,,,,,,0.5772267198392077,
87,,0.33582792137878203,,0.2519201227548311,-0.292727937087118,,,-0.10325289473090876,-0.1868593373619843,,0.06534744931499592,-0.3043129183676288,,,,,,,,-1.426211039170051,
88,,-0.15069146370602762,0.26942738109479136,,-0.07150847149624306,,-0.0864614462283328,-2.1324289104791405,,-0.2045284836668328,,0.4785911340730522,,,,0.13931449517265648,,0.21317275565122695,0.3695903875022803,,0.26470090112151645
89,,,-0.14918489196141102,,,,-0.958557998223402,,,,0.3430952873746904,,,,,,,,,,
90,,-0.15442359511372233,,0.24395381915457875,0.36265049231890734,,0.8186695857647096,,-0.31049589100602937,,2.1344177741399175,,,,,,,0.2675749786021269,,-0.18651090175425655,
91,,,,,,-1.4375387483382651,0.6146855688582258,-1.527040531164227,,,,1.3249890578235126,0.19953616796333273,,,,,,,,
92,,,,,,-0.23702933596482423,,,,,,,-2.8389282422804563,,,,,,0.9740793034536321,-0.6782083760840192,
93,,,,0.022917316772178564,,,,,-0.11065101628327118,,,-0.44347689538069457,,,,,,,,,0.850853036790637
94,,,,,,,,-1.4676821420336237,,,,,,,0.3048292841258611,,,,-0.30992543452156895,,
95,0.14121936679484687,,,0.5816086608725624,-0.14707702549557292,,-0.026605277295355317,1.4835977601230501,0.22587943907883473,-0.7201263219578169,,,0.3370564185822885,-0.5039092429537972,-0.0451878038942074,,,-0.12984415934259394,0.14388720480344952,,
96,,,,-0.3219089663875795,,,,-0.056307118129156536,,,,,,,,-0.6499962738588209,,,0.1096473369135661,,
97,0.460251765312379,,,,-1.8042280411576659,,,0.5071622756205777,,-0.7105307108219969,,,-0.20618692561774327,0.016139169843648105,,,-0.1734515844644554,,,,-1.5471380208761072
98,,,0.015730555739133567,1.02834517928569,,,,,,,,,-1.6957339738762243,-0.3714346133739128,,,,-0.01508590273451152,,,0.4210007568429688
99,0.4100391691299552,,-0.05577674707583302,-0.5816545230937443,,,-2.2245534686322235,,,0.4753905373314835,,,,,-0.009123957897750362,,,,,,
100,,,,,,,,,,,,-0.3216648536105239,,,,,,,,,
101,,-0.104902155874279,,,,,,,,,,,,,,,,,,,
102,-0.4187874199153439,0.02299801565201219,,,-0.32617929268050394,1.6186666810756525,,0.4260909031894249,0.14064958264868066,,-0.4087692714275085,,,-0.4453854865599992,0.3095605602580649,,0.14563219865216503,,0.5001933502350999,-0.4075743626319364,-1.3259231403710605
103,,-0.41879054788763115,0.06465257149778153,,,,,,,,,,,,,0.696485783786982,,,-1.5846672456967394,,
104,0.00224886655134493,,,,,,-0.15271998513059043,0.21934506160533965,,-0.21555730306850762,,,,,-0.26835782890901716,,0.08597875831832791,,,,
105,,,,,3.3811376413794965,0.5998037850219458,0.42575933504127694,,-1.360591821330087,-1.1769316344491842,1.6076144129355412,0.5125367734069655,0.6011808606746349,0.003594811701928269,-0.2911620221871667,-0.8000519627284116,0.02759953781122476,-0.26131583530198293,0.2209977793717824,-0.7124791340732594,
106,,0.4893829241777411,,-0.23826894234783458,0.32700597595731784,,,,,,,0.31597873386162634,,,-0.16115973779293097,-0.2880875015788439,,,0.8046521970138135,,
107,-0.6932577216969862,,-0.6478028112212733,-2.7759077752108268,0.4688068783173321,,,-3.5323317711123443,0.14416340314882226,,,,-0.33304695938050677,,,,0.368179810496712,,,,
108,,0.7365859634246268,,,,,,,,,,,-0.925563714848567,0.2453284879243235,,-0.21249581832241943,,,,,
109,,-0.6257253919699741,-1.8417146741712953,,-0.39396248477411905,,-0.24541902286114647,-0.40968542696282295,,,,-1.3072738118684049,,-3.485204206812301,-0.8604186673163441,,3.3797960728814123,-1.5515483099766467,,,0.03648283590832979
110,,,,,,,,,,,,,,,,,,,,,
111,,-0.8106020502101282,,-0.2368001522090696,0.022028472895381457,,,,,,0.7043834677148866,,,-0.5035325214239099,0.12630182735257112,,,,,,
112,,,,,,,,0.48600664839724517,,-0.613674504443461,,,,,,-0.17780045739053787,0.3811972478655947,0.10187143248317909,,,
113,-0.045233779150326225,,,,0.023799800575547064,,,,,,,,,,,,,,,,-0.4125871054617636
114,,1.2728859243926811,,,-0.24944579334633066,,-0.2994131652866291,,0.40175448198871433,,0.4027641320304872,,,,-0.978320361336416,0.2193652381896125,,,,-2.288529677577784,
115,-0.12274379295614857,,,,,-0.35399042387950497,,,-0.09086200013139173,,,,,,,,,,,,
116,,0.3792571812348107,,,-1.4557034515567993,-1.1234303195375377,,,,0.5655636883682286,,0.2656140739452862,,-0.49029477402059807,,0.026584734370763224,0.2449394214591265,,-1.7322481023923528,-1.5375773321564221,
117,-0.32243953084158944,-0.5803154668416699,,0.21381956424047396,,,,-0.22635674793391794,,,,,,0.9895567543112423,,-1.3029071618267993,,,-0.14832712991544983,,-0.7073394340051196
118,,,,,0.16646398076722324,,,,,,,0.3052198958055392,,,,,,-0.08628418556785655,-1.3263601243781817,,
119,,-1.5491970851100134,0.3284475564041257,-0.001209354520672716,0.14498683523010625,0.1628474743307174,,-0.6751824166573877,,0.05931735340788591,-0.19809317248108574,,-0.22922714343324935,,,-0.32616244284574203,0.2642841615396267,0.8499376211344007,,0.1717905025833094,-0.42030907353320224
120,,0.1918042448193828,,,-0.6156170388221225,,,0.14420406188405377,,,-0.06945643614824837,-2.086256163340712,2.1791893626588106,,,,,,,0.1368129004258105,0.8264127198201969
121,0.6064445556122775,0.06305897340300753,,,,,-0.261914499898092,,,-0.9326905608530982,,,-0.4807973456998592,,0.2037109408844198,-0.05738648161362364,0.08470495341106521,,,0.005469656030953951,0.042498827623718094
122,0.042061950825407035,,,,,,,,0.3131991984517248,0.09681264830449599,,,,1.0281662907005054,,,,,,,
123,,,,,0.8763266044339011,,,,,,,-0.061909866066593905,0.892408659835025,1.1152743248243215,,,,0.08144592386127247,,,0.2094891784876911
124,-1.3282559487372934,1.1730035187730388,0.35540809178379473,,-0.5415593335474707,2.018842950375988,0.5399744362406964,,,,,,,,0.010406036873396474,,0.19196409066881515,0.14301340435205367,,,
125,0.2975547857724638,,-1.5590316476015624,,,,-0.5342160265687506,0.7154633500410628,,-0.6524892964892185,,,,-0.5345477049918103,-0.9802749538029858,0.12060927549127087,0.010832508106041576,,,,
126,1.6150668603528588,,-0.4661943127658146,,,,2.1453957177543175,,-0.7082870642237562,,,,,,,-0.012585003468602973,,,,,
127,,,,,,,-0.7300714190119189,-2.2712781006802047,,-0.4487504910642808,-0.20091326808320448,-0.013130684831276218,,0.4781474121449344,,,,-0.3154685192952047,0.19390435157342784,,0.8181491920188366
128,,0.09539615407058123,,-0.2767790885056265,-0.5658360633742054,0.3935701149046107,-0.7501074223104225,-0.6988493002953613,,-0.450710330629561,0.14046117047526918,-0.54549572032798,0.5323050848148994,0.4943010126892211,,,-0.10265803015526356,0.5876199664822221,-0.1334203252674564,,
129,-0.22800832486706246,,-0.22606472151687862,,,,,,-0.09638754713362166,,-0.03808161157113921,,,-0.08733605153874757,,,-0.735859469709885,,,,
130,,,,,,,,,,,,,,,-0.2284080977197895,,,,,,
131,,,,-0.2538154167567402,,,,,0.1940687093305189,,,,,,,,,,-1.1482331459510204,,0.5986930809703312
132,-0.22397573079510769,,,,,-2.8285054331135093,,,,-0.8457561367829942,1.6200714745775715,,,0.04707539439082692,,-3.5281581912046462,0.24384863432798398,0.4950127611216897,,1.0684588863631836,
133,,,,,,,,,,,,-1.0764785148690614,-0.13646139221053144,,,,-2.0015523873587364,,-0.20943812909109494,,
134,,,,,,,-0.2220506154413623,,,-0.38235704013259386,-0.1427577825322028,-0.37986755735563305,,,,-0.5798502542900087,0.1641168025403488,,,-0.1407217229153428,-0.03180148074910699
135,,,,0.33630633759281314,,0.013528846641648218,,,,-0.05146317580628779,,,,,,-2.3656796756308984,,,,,
136,,,,,-0.9989479820876742,,,,,1.0519093417363508,-0.9977953821301806,,0.12576812373354473,-0.0816759394269636,,,-0.9100332594481859,-0.38472947087990467,0.5992460958764659,0.6357086838081043,-0.10589065038426493
137,,-0.7003828224724519,,,,-0.050307104310748973,,-0.2604252549630904,,1.3596612109394735,0.12939327868083406,-0.1083075500874296,0.8055679916256807,,,-0.4043412145928962,,,,-0.12924822049714885,-0.2031094453419825
138,-1.8486007083033318,-0.14934976023375926,0.7650305339328297,,,,-0.23313989413605912,-0.34874720378020085,,,,-0.14790789317737937,,-0.2973155704506817,-0.0510703902201225,,-0.1862900339392288,-0.6134192192558818,,0.6616621780161972,-0.9035879465887334
139,,,,-0.08135097554174259,,,,,,,,,,-1.1753997986031886,,,,,0.05816765655086166,,
